<?xml version="1.0" encoding="UTF-8"?>
<project-private xmlns="http://www.netbeans.org/ns/project-private/1">
    <editor-bookmarks xmlns="http://www.netbeans.org/ns/editor-bookmarks/1"/>
    <editor-bookmarks xmlns="http://www.netbeans.org/ns/editor-bookmarks/2" lastBookmarkId="0"/>
    <open-files xmlns="http://www.netbeans.org/ns/projectui-open-files/2">
        <group>
            <file>file:/C:/Users/loegu196/Downloads/Polynom%20(3CI)/C10_Polynom%20(GUI)/src/Polynomial.java</file>
            <file>file:/C:/Users/loegu196/Downloads/Polynom%20(3CI)/C10_Polynom%20(GUI)/src/MainFrame.java</file>
        </group>
    </open-files>
</project-private>
