<?xml version="1.0" encoding="UTF-8"?>
<project-private xmlns="http://www.netbeans.org/ns/project-private/1">
    <editor-bookmarks xmlns="http://www.netbeans.org/ns/editor-bookmarks/2" lastBookmarkId="0"/>
    <open-files xmlns="http://www.netbeans.org/ns/projectui-open-files/2">
        <group>
            <file>file:/home/pcy113/OneDrive/2CI1%20-%202024-2025/SCIPR/workspace/netbeans/VotingSystem/src/MainFrame.java</file>
            <file>file:/home/pcy113/OneDrive/2CI1%20-%202024-2025/SCIPR/workspace/netbeans/VotingSystem/src/Party.java</file>
            <file>file:/home/pcy113/OneDrive/2CI1%20-%202024-2025/SCIPR/workspace/netbeans/VotingSystem/src/Candidate.java</file>
        </group>
    </open-files>
</project-private>
