<?xml version="1.0" encoding="UTF-8"?>
<project-private xmlns="http://www.netbeans.org/ns/project-private/1">
    <editor-bookmarks xmlns="http://www.netbeans.org/ns/editor-bookmarks/2" lastBookmarkId="0"/>
    <open-files xmlns="http://www.netbeans.org/ns/projectui-open-files/2">
        <group>
            <file>file:/C:/Users/loegu/Documents/LAM/COURS/SCIPR/2CI/Partie%20E%20-%20Le%20chronomètre/E07_Animation_etape_1_students/src/MainFrame.java</file>
            <file>file:/C:/Users/loegu/Documents/LAM/COURS/SCIPR/2CI/Partie%20E%20-%20Le%20chronomètre/E07_Animation_etape_1_students/src/MovingBall.java</file>
        </group>
    </open-files>
</project-private>
